shortcode,url
p,https://www.instagram.com/infogresik/p/Dac_ysqGbQw/
p,https://www.instagram.com/infogresik/p/DaccHETmYkl/
p,https://www.instagram.com/infogresik/p/DaZUhcnGRR4/
p,https://www.instagram.com/pemkabgresik/p/DaePxWPk9s6/
p,https://www.instagram.com/pemkabgresik/p/DZmb2L1ExQK/
p,https://www.instagram.com/pemkabgresik/p/DZlsfmfTW25/
p,https://www.instagram.com/pemkabgresik/p/DaepTQYE64Q/
p,https://www.instagram.com/pemkabgresik/p/DaehdypTIhX/
p,https://www.instagram.com/pemkabgresik/p/Dacet6zzzZ9/
p,https://www.instagram.com/pemkabgresik/p/DacLoL2ExJa/
p,https://www.instagram.com/pemkabgresik/p/Dabq3SQE9SL/
